"PETER COSGROVE",2009-02-12,MILITARY,
"TIM FLANNERY",2009-02-12,SCIENTIST,
"FIONA WOOD",2009-02-12,OTHER,
"JONTY BUSH",2009-02-12,OTHER,
"TANIA MAJOR",2009-02-12,OTHER,
"WAYNE SWAN",2009-02-19,POLITICIAN,LABOR
"JOE HOCKEY",2009-02-19,POLITICIAN,LIBERAL
"CHRISTINE MILNE",2009-02-19,POLITICIAN,GREENS
"PAUL HOWES",2009-02-19,"UNION LEADER",
"KATE CARNELL",2009-02-19,BUSINESSPERSON,
"BILL SHORTEN",2009-02-26,POLITICIAN,LABOR
"CHRISTOPHER PYNE",2009-02-26,POLITICIAN,LIBERAL
"JONATHAN BIGGINS",2009-02-26,ACTOR,
"SABRINA HOUSSAMI",2009-02-26,OTHER,
"DR LESLIE CANNOLD",2009-02-26,OTHER,
"PETER COSTELLO",2009-03-05,EX-POLITICIAN,LIBERAL
"LINDSAY TANNER",2009-03-05,POLITICIAN,LABOR
"GEOFF COUSINS",2009-03-05,BUSINESSPERSON,
"SALLY WARHAFT",2009-03-05,JOURNALIST,
"REBECCA WEISSER",2009-03-05,JOURNALIST,
"MAXINE MCKEW",2009-03-12,POLITICIAN,LABOR
"SCOTT MORRISON",2009-03-12,POLITICIAN,LIBERAL
"JOHN SYMOND",2009-03-12,BUSINESSPERSON,
"NOELINE BROWN",2009-03-12,"TV PERSONALITY",LABOR
"TANVEER AHMED",2009-03-12,OTHER,
"TONY ABBOTT",2009-03-19,POLITICIAN,LIBERAL
"KATE ELLIS",2009-03-19,POLITICIAN,LABOR
"FATHER PETER KENNEDY",2009-03-19,CLERIC,
"BRUCE WOLPE",2009-03-19,BUSINESSPERSON,
"BETTINA ARNDT",2009-03-19,OTHER,
"STEPHEN CONROY",2009-03-26,POLITICIAN,LABOR
"GREG HUNT",2009-03-26,POLITICIAN,LIBERAL
"ANDREW BOLT",2009-03-26,JOURNALIST,
"LOUISE ADLER",2009-03-26,BUSINESSPERSON,
"SUSAN CARLAND",2009-03-26,COMIC,
"TANYA PLIBERSEK",2009-04-02,POLITICIAN,LABOR
"GEORGE BRANDIS",2009-04-02,POLITICIAN,LIBERAL
"SATYAJIT DAS",2009-04-02,BUSINESSPERSON,
"DENNIS ALTMAN",2009-04-02,AUTHOR,
"RACHEL FRY",2009-04-02,OTHER,LIBERAL
"TONY BURKE",2009-04-09,POLITICIAN,LABOR
"HELEN COONAN",2009-04-09,POLITICIAN,LIBERAL
"HELEN COONAN",2009-04-09,POLITICIAN,LIBERAL
"JOHN HEWSON",2009-04-09,EX-POLITICIAN,LIBERAL
"JANE CARO",2009-04-09,OTHER,
"JANE CARO",2009-04-09,OTHER,
"ANDREW BOE",2009-04-09,OTHER,
"CHRIS BOWEN",2009-04-16,POLITICIAN,LABOR
"SOPHIE MIRABELLA",2009-04-16,POLITICIAN,LIBERAL
"CATHERINE DEVENY",2009-04-16,JOURNALIST,
"JOHN ELLIOTT",2009-04-16,BUSINESSPERSON,LIBERAL
"STEPHEN CRITTENDEN",2009-04-16,JOURNALIST,
"JULIE BISHOP",2009-04-23,POLITICIAN,LIBERAL
"CRAIG EMERSON",2009-04-23,POLITICIAN,LABOR
"P.J. O'ROURKE",2009-04-23,AUTHOR,
"DAVID MARR",2009-04-23,JOURNALIST,
"DR CINDY PAN",2009-04-23,OTHER,
"PETER GARRETT",2009-04-30,POLITICIAN,LABOR
"BARNABY JOYCE",2009-04-30,POLITICIAN,NATIONAL
"PRU GOWARD",2009-04-30,POLITICIAN,LIBERAL
"WESLEY ENOCH",2009-04-30,ARTIST,
"SARAH HANSON-YOUNG",2009-04-30,POLITICIAN,GREENS
"SARAH HANSON-YOUNG",2009-04-30,POLITICIAN,GREENS
"SHARMAN STONE",2009-05-07,POLITICIAN,LIBERAL
"MARK ARBIB",2009-05-07,POLITICIAN,LABOR
"GUY RUNDLE",2009-05-07,JOURNALIST,
"GREG SHERIDAN",2009-05-07,JOURNALIST,
"RANDA ABDEL-FATTAH",2009-05-07,OTHER,
"LINDSAY TANNER",2009-05-14,POLITICIAN,LABOR
"JOE HOCKEY",2009-05-14,POLITICIAN,LIBERAL
"GEOFF COUSINS",2009-05-14,BUSINESSPERSON,
"MISHA SCHUBERT",2009-05-14,JOURNALIST,
"ELIZABETH ANN MACGREGOR",2009-05-14,ARTIST,
"PENNY WONG",2009-05-21,POLITICIAN,LABOR
"TONY ABBOTT",2009-05-21,POLITICIAN,LIBERAL
"BOB ELLIS",2009-05-21,AUTHOR,
"SUE CATO",2009-05-21,BUSINESSPERSON,
"WENDY MACHIN",2009-05-21,BUSINESSPERSON,
"KATE ELLIS",2009-05-28,POLITICIAN,LABOR
"BRENDAN NELSON",2009-05-28,EX-POLITICIAN,LIBERAL
"WILLIAM MCINNES",2009-05-28,ACTOR,
"PETER HOLMES À COURT",2009-05-28,BUSINESSPERSON,
"MIRIAM LYONS",2009-05-28,OTHER,
"NICOLA ROXON",2009-07-23,POLITICIAN,LABOR
"NICK MINCHIN",2009-07-23,POLITICIAN,LIBERAL
"DR CHARLIE TEO",2009-07-23,OTHER,
"JULIAN MORROW",2009-07-23,COMIC,
"JESSICA BROWN",2009-07-23,OTHER,
"ANNA BLIGH",2009-07-30,POLITICIAN,LABOR
"GEORGE BRANDIS",2009-07-30,POLITICIAN,LIBERAL
"DAVID PENBERTHY",2009-07-30,JOURNALIST,
"TANIA MAJOR",2009-07-30,OTHER,
"SIMON SHEIKH",2009-07-30,OTHER,
"JULIA GILLARD",2009-08-06,POLITICIAN,LABOR
"MALCOLM TURNBULL",2009-08-06,POLITICIAN,LIBERAL
"SARA HAGHDOOSTI",2009-08-06,OTHER,
"MITCHELL GRADY",2009-08-06,OTHER,LIBERAL
"LINDEN BROWNLEY",2009-08-06,OTHER,
"CRAIG EMERSON",2009-08-13,POLITICIAN,LABOR
"CHRISTOPHER PYNE",2009-08-13,POLITICIAN,LIBERAL
"PIERS AKERMAN",2009-08-13,JOURNALIST,
"SHARAN BURROW",2009-08-13,"UNION LEADER",
"INDIRA NAIDOO",2009-08-13,JOURNALIST,
"ANTHONY LAPAGLIA",2009-08-20,ACTOR,
"MAXINE MCKEW",2009-08-20,POLITICIAN,LABOR
"CANDY BOWERS",2009-08-20,ARTIST,
"JUDGE FELICITY HAMPEL SC",2009-08-20,OTHER,
"TONY SMITH",2009-08-20,POLITICIAN,LIBERAL
"RICHARD FLANAGAN",2009-08-27,AUTHOR,
"KAMILA SHAMSIE",2009-08-27,AUTHOR,
"TARA JUNE WINCH",2009-08-27,AUTHOR,
"LINDSAY TANNER",2009-08-27,POLITICIAN,LABOR
"TONY ABBOTT",2009-08-27,POLITICIAN,LIBERAL
"HELEN LIDDELL",2009-09-03,OTHER,
"TONY BURKE",2009-09-03,POLITICIAN,LABOR
"BILL HEFFERNAN",2009-09-03,POLITICIAN,LIBERAL
"ANNE SUMMERS",2009-09-03,AUTHOR,
"TIM WILSON",2009-09-03,OTHER,
"TOM KENEALLY",2009-09-17,AUTHOR,
"LARISSA BEHRENDT",2009-09-17,OTHER,
"JOHN ROSKAM",2009-09-17,OTHER,
"TANYA PLIBERSEK",2009-09-17,POLITICIAN,LABOR
"JOE HOCKEY",2009-09-17,POLITICIAN,LIBERAL
"GEOFF GALLOP",2009-09-10,EX-POLITICIAN,LABOR
"JOHN MARSDEN",2009-09-10,AUTHOR,
"ANTHONY ACKROYD",2009-09-10,COMIC,
"MELINDA TANKARD REIST",2009-09-10,AUTHOR,
"SOPHIE MIRABELLA",2009-09-10,POLITICIAN,LIBERAL
"ALEXANDER DOWNER",2009-09-24,EX-POLITICIAN,LIBERAL
"KATE ELLIS",2009-09-24,POLITICIAN,LABOR
"KATE ELLIS",2009-09-24,POLITICIAN,LABOR
"NATASHA STOTT DESPOJA",2009-09-24,EX-POLITICIAN,DEMOCRAT
"PETER SUTTON",2009-09-24,ACADEMIC,
"MEGAN LLOYD",2009-09-24,JOURNALIST,
"CHRISTOPHER HITCHENS",2009-10-01,AUTHOR,
"WALEED ALY",2009-10-01,ACADEMIC,
"FATHER FRANK BRENNAN",2009-10-01,CLERIC,
"SALLY WARHAFT",2009-10-01,JOURNALIST,
"ANNE HENDERSON",2009-10-01,OTHER,
"GERMAINE GREER",2009-10-08,OTHER,
"TODD SAMPSON",2009-10-08,BUSINESSPERSON,
"BELINDA NEAL",2009-10-08,POLITICIAN,LABOR
"CORY BERNARDI",2009-10-08,POLITICIAN,LIBERAL
"JANET ALBRECHTSEN",2009-10-08,JOURNALIST,
"ALEXEI SAYLE",2009-10-15,COMIC,
"ANTHONY ALBANESE",2009-10-15,POLITICIAN,LABOR
"CHRISTOPHER PYNE",2009-10-15,POLITICIAN,LIBERAL
"DEEPA GUPTA",2009-10-15,OTHER,
"NIKKI WILLIAMS",2009-10-15,BUSINESSPERSON,
"ANNABEL CRABB",2009-10-22,JOURNALIST,
"JOHN ELLIOTT",2009-10-22,BUSINESSPERSON,LIBERAL
"CRAIG EMERSON",2009-10-22,POLITICIAN,LABOR
"PETER DUTTON",2009-10-22,POLITICIAN,LIBERAL
"LOUISE ADLER",2009-10-22,BUSINESSPERSON,
"BILL SHORTEN",2009-10-29,POLITICIAN,LABOR
"TONY ABBOTT",2009-10-29,POLITICIAN,LIBERAL
"JONATHAN BIGGINS",2009-10-29,ACTOR,
"CATHERINE DEVENY",2009-10-29,JOURNALIST,
"BETTINA ARNDT",2009-10-29,OTHER,
"GRAHAM RICHARDSON",2009-11-05,EX-POLITICIAN,LABOR
"JOE HOCKEY",2009-11-05,POLITICIAN,LIBERAL
"MAXINE MCKEW",2009-11-05,POLITICIAN,LABOR
"DAVID MARR",2009-11-05,JOURNALIST,
"KERRY CHIKAROVSKI",2009-11-05,EX-POLITICIAN,LIBERAL
"KEVIN RUDD",2010-02-08,POLITICIAN,LABOR
"LINDSAY TANNER",2010-02-15,POLITICIAN,LABOR
"BARNABY JOYCE",2010-02-15,POLITICIAN,NATIONAL
"SATYAJIT DAS",2010-02-15,BUSINESSPERSON,
"MELINDA TANKARD REIST",2010-02-15,AUTHOR,
"REBECCA HUNTLEY",2010-02-15,AUTHOR,
"MALCOLM TURNBULL",2010-02-22,POLITICIAN,LIBERAL
"TANYA PLIBERSEK",2010-02-22,POLITICIAN,LABOR
"MUNGO MACCALLUM",2010-02-22,JOURNALIST,
"JOHN ROSKAM",2010-02-22,OTHER,
"JANE CARO",2010-02-22,OTHER,
"PETER GARRETT",2010-03-01,POLITICIAN,LABOR
"CHRISTOPHER PYNE",2010-03-01,POLITICIAN,LIBERAL
"PAUL GRABOWSKY",2010-03-01,MUSICIAN,
"EDDIE PERFECT",2010-03-01,ACTOR,
"BRENDA CROFT",2010-03-01,ARTIST,
"RICHARD DAWKINS",2010-03-08,SCIENTIST,
"RABBI JACQUELINE NINIO",2010-03-08,CLERIC,
"PROFESSOR PATRICK MCGORRY",2010-03-08,SCIENTIST,
"STEVE FIELDING",2010-03-08,POLITICIAN,"FAMILY FIRST"
"JULIE BISHOP",2010-03-08,POLITICIAN,LIBERAL
"MIRANDA DEVINE",2010-03-15,JOURNALIST,
"WALEED ALY",2010-03-15,ACADEMIC,
"CATHERINE DEVENY",2010-03-15,JOURNALIST,
"BILL SHORTEN",2010-03-15,POLITICIAN,LABOR
"PETER DUTTON",2010-03-15,POLITICIAN,LIBERAL
"VALERIE AMOS",2010-03-22,OTHER,
"JOHN DOYLE",2010-03-22,COMIC,
"NICOLA ROXON",2010-03-22,POLITICIAN,LABOR
"GREG HUNT",2010-03-22,POLITICIAN,LIBERAL
"TIM WILSON",2010-03-22,OTHER,
"NICK MCKIM",2010-03-29,POLITICIAN,GREENS
"GRAHAM RICHARDSON",2010-03-29,EX-POLITICIAN,LABOR
"SUE CATO",2010-03-29,BUSINESSPERSON,
"CRAIG EMERSON",2010-03-29,POLITICIAN,LABOR
"KELLY O'DWYER",2010-03-29,POLITICIAN,LIBERAL
"TONY ABBOTT",2010-04-05,POLITICIAN,LIBERAL
"JEFF BLEICH",2010-04-12,OTHER,
"JOE HOCKEY",2010-04-12,POLITICIAN,LIBERAL
"TANYA PLIBERSEK",2010-04-12,POLITICIAN,LABOR
"GREG SHERIDAN",2010-04-12,JOURNALIST,
"LUCY TURNBULL",2010-04-12,EX-POLITICIAN,LIBERAL
"SCOTT MORRISON",2010-04-19,POLITICIAN,LIBERAL
"BOB CARR",2010-04-19,EX-POLITICIAN,LABOR
"HEATHER RIDOUT",2010-04-19,BUSINESSPERSON,
"SIMON SHEIKH",2010-04-19,OTHER,
"SHIMRIT NOTHMAN",2010-04-19,OTHER,
"GERMAINE GREER",2010-04-26,OTHER,
"GENERAL PETER COSGROVE",2010-04-26,MILITARY,
"PETER FITZSIMONS",2010-04-26,JOURNALIST,
"HENRY REYNOLDS",2010-04-26,ACADEMIC,
"BRIGADIER ALISON CREAGH",2010-04-26,MILITARY,
"PENNY WONG",2010-05-03,POLITICIAN,LABOR
"NICK MINCHIN",2010-05-03,POLITICIAN,LIBERAL
"JOHN SYMOND",2010-05-03,BUSINESSPERSON,
"PAUL HOWES",2010-05-03,"UNION LEADER",
"CHRISTINE MILNE",2010-05-03,POLITICIAN,GREENS
"BRENDAN OCONNOR",2010-05-10,POLITICIAN,LABOR
"SOPHIE MIRABELLA",2010-05-10,POLITICIAN,LIBERAL
"KAISER KUO",2010-05-10,OTHER,
"BRETT SOLOMON",2010-05-10,OTHER,
"HELEN RAZER",2010-05-10,JOURNALIST,
"LINDSAY TANNER",2010-05-17,POLITICIAN,LABOR
"JOE HOCKEY",2010-05-17,POLITICIAN,LIBERAL
"PETER CAREY",2010-05-24,AUTHOR,
"LIONEL SHRIVER",2010-05-24,JOURNALIST,
"JOHN RALSTON SAUL",2010-05-24,AUTHOR,
"MARCIA LANGTON",2010-05-24,ACADEMIC,
"MALCOLM FRASER",2010-05-24,POLITICIAN,LIBERAL
"CLARE BOWDITCH",2010-05-31,MUSICIAN,
"MITCHELL GRADY",2010-05-31,OTHER,LIBERAL
"MIRIAM LYONS",2010-05-31,OTHER,
"MAXINE MCKEW",2010-05-31,POLITICIAN,LABOR
"CORY BERNARDI",2010-05-31,POLITICIAN,LIBERAL
"KEVIN SHEEDY",2010-06-07,SPORTSPERSON,
"CHRIS BOWEN",2010-06-07,POLITICIAN,LABOR
"SCOTT MORRISON",2010-06-07,POLITICIAN,LIBERAL
"HEATH DUCKER",2010-06-07,OTHER,
"SAMAH HADID",2010-06-07,OTHER,
"PETER SINGER",2010-06-14,ACADEMIC,
"DAVID MARR",2010-06-14,JOURNALIST,
"PETER GARRETT",2010-06-14,POLITICIAN,LABOR
"HELEN COONAN",2010-06-14,POLITICIAN,LIBERAL
"JAYASHRI KULKARNI",2010-06-14,SCIENTIST,
"MALCOLM TURNBULL",2010-06-21,POLITICIAN,LIBERAL
"CRAIG EMERSON",2010-06-21,POLITICIAN,LABOR
"GRAHAM RICHARDSON",2010-06-21,EX-POLITICIAN,LABOR
"SARAH HANSON-YOUNG",2010-06-21,POLITICIAN,GREENS
"JESSICA BROWN",2010-06-21,OTHER,
"BILL SHORTEN",2010-06-28,POLITICIAN,LABOR
"BARNABY JOYCE",2010-06-28,POLITICIAN,NATIONAL
"MAGDA SZUBANSKI",2010-06-28,ACTOR,
"HAROLD MITCHELL",2010-06-28,BUSINESSPERSON,
"JANET ALBRECHTSEN",2010-06-28,JOURNALIST,
"ANNABEL CRABB",2010-07-05,JOURNALIST,
"TONY BURKE",2010-07-05,POLITICIAN,LABOR
"GEORGE BRANDIS",2010-07-05,POLITICIAN,LIBERAL
"CHERYL KERNOT",2010-07-05,EX-POLITICIAN,LABOR
"GRAHAME MORRIS",2010-07-05,OTHER,LIBERAL
"CHRIS EVANS",2010-07-12,POLITICIAN,LABOR
"CHRISTOPHER PYNE",2010-07-12,POLITICIAN,LIBERAL
"JOHN ELLIOTT",2010-07-12,BUSINESSPERSON,LIBERAL
"LENORE TAYLOR",2010-07-12,JOURNALIST,
"SCOTT LUDLAM",2010-07-12,POLITICIAN,GREENS
"TANYA PLIBERSEK",2010-07-19,POLITICIAN,LABOR
"JULIE BISHOP",2010-07-19,POLITICIAN,LIBERAL
"PIERS AKERMAN",2010-07-19,JOURNALIST,
"BRUCE HAWKER",2010-07-19,OTHER,LABOR
"WALEED ALY",2010-07-19,ACADEMIC,
"PENNY WONG",2010-07-26,POLITICIAN,LABOR
"MALCOLM TURNBULL",2010-07-26,POLITICIAN,LIBERAL
"MALCOLM TURNBULL",2010-07-26,POLITICIAN,LIBERAL
"CHRISTINE MILNE",2010-07-26,POLITICIAN,GREENS
"GRAHAM RICHARDSON",2010-07-26,EX-POLITICIAN,LABOR
"TOM SWITZER",2010-07-26,JOURNALIST,LIBERAL
"CRAIG EMERSON",2010-08-02,POLITICIAN,LABOR
"BARNABY JOYCE",2010-08-02,POLITICIAN,NATIONAL
"PETER DUTTON",2010-08-02,POLITICIAN,LIBERAL
"LARISSA WATERS",2010-08-02,OTHER,GREENS
"MADONNA KING",2010-08-02,JOURNALIST,
"JULIA GILLARD",2010-08-09,POLITICIAN,LABOR
"TONY ABBOTT",2010-08-16,POLITICIAN,LIBERAL
"TONY BURKE",2010-08-12,POLITICIAN,LABOR
"SCOTT MORRISON",2010-08-12,POLITICIAN,LIBERAL
"BOB BROWN",2010-08-12,POLITICIAN,GREENS
"DR SUVENDRINI PERERA",2010-08-12,OTHER,
"JOHN ELLIOTT",2010-08-12,BUSINESSPERSON,LIBERAL
"MARK ARBIB",2010-08-23,POLITICIAN,LABOR
"MARK ARBIB",2010-08-23,POLITICIAN,LABOR
"MALCOLM TURNBULL",2010-08-23,POLITICIAN,LIBERAL
"SARAH HANSON-YOUNG",2010-08-23,POLITICIAN,GREENS
"TONY WINDSOR",2010-08-23,POLITICIAN,INDEPENDENT
"JANET ALBRECHTSEN",2010-08-23,JOURNALIST,
"GRAHAM RICHARDSON",2010-08-23,EX-POLITICIAN,LABOR
"JESSICA RUDD",2010-08-30,AUTHOR,
"MALCOLM FRASER",2010-08-30,POLITICIAN,LIBERAL
"JOHN KEANE",2010-08-30,ACADEMIC,
"CHRIS BERG",2010-08-30,OTHER,
"CHRISTINE WALLACE",2010-08-30,AUTHOR,
"PETER BEATTIE",2010-09-06,EX-POLITICIAN,LABOR
"BOB KATTER",2010-09-06,POLITICIAN,INDEPENDENT
"CHRISTINE MILNE",2010-09-06,POLITICIAN,GREENS
"NICK MINCHIN",2010-09-06,POLITICIAN,LIBERAL
"REBECCA HUNTLEY",2010-09-06,AUTHOR,
"TANYA PLIBERSEK",2010-09-13,POLITICIAN,LABOR
"WARREN TRUSS",2010-09-13,POLITICIAN,NATIONAL
"CLIVE PALMER",2010-09-13,BUSINESSPERSON,
"SARAH HANSON-YOUNG",2010-09-13,POLITICIAN,GREENS
"LENORE TAYLOR",2010-09-13,JOURNALIST,
"CHRIS BOWEN",2010-09-20,POLITICIAN,LABOR
"CHRISTOPHER PYNE",2010-09-20,POLITICIAN,LIBERAL
"HELEN MCCABE",2010-09-20,JOURNALIST,
"CRAIG REUCASSEL",2010-09-20,COMIC,
"DR LESLIE CANNOLD",2010-09-20,OTHER,
"STEPHEN CONROY",2010-09-27,POLITICIAN,LABOR
"SOPHIE MIRABELLA",2010-09-27,POLITICIAN,LIBERAL
"ROB OAKESHOTT",2010-09-27,POLITICIAN,INDEPENDENT
"FIONA PATTEN",2010-09-27,OTHER,
"MUNGO MACCALLUM",2010-09-27,JOURNALIST,
"TARIQ ALI",2010-10-04,OTHER,
"GEOFFREY ROBERTSON",2010-10-04,OTHER,
"LENORE SKENAZY",2010-10-04,AUTHOR,
"RATIH HARDJONO",2010-10-04,AUTHOR,
"PAUL KELLY",2010-10-04,JOURNALIST,
"LISA FORREST",2010-10-11,SPORTSPERSON,
"GEOFF LAWSON",2010-10-11,SPORTSPERSON,
"MARK ARBIB",2010-10-11,POLITICIAN,LABOR
"ROY MASTERS",2010-10-11,SPORTSPERSON,
"KELLY O'DWYER",2010-10-11,POLITICIAN,LIBERAL
"TIM FLANNERY",2010-10-18,SCIENTIST,
"GREG HUNT",2010-10-18,POLITICIAN,LIBERAL
"MIKE KELLY",2010-10-18,JOURNALIST,LABOR
"JENNIFER MAROHASY",2010-10-18,SCIENTIST,
"BRUCE GUTHRIE",2010-10-18,JOURNALIST,
"JENNIFER HEWETT",2010-10-18,JOURNALIST,
"JOHN HOWARD",2010-10-25,EX-POLITICIAN,LIBERAL
"STEPHEN SMITH",2010-11-01,POLITICIAN,LABOR
"JULIE BISHOP",2010-11-01,POLITICIAN,LIBERAL
"COLIN BARNETT",2010-11-01,POLITICIAN,LIBERAL
"ANDREW FORREST",2010-11-01,BUSINESSPERSON,
"RACHEL SIEWERT",2010-11-01,POLITICIAN,GREENS
"TONY WILTSHIRE",2010-11-01,BUSINESSPERSON,
"BILL SHORTEN",2010-11-08,POLITICIAN,LABOR
"GEORGE BRANDIS",2010-11-08,POLITICIAN,LIBERAL
"JANET ALBRECHTSEN",2010-11-08,JOURNALIST,
"JONATHAN BIGGINS",2010-11-08,ACTOR,
"RANDA ABDEL-FATTAH",2010-11-08,OTHER,
"GRAHAM RICHARDSON",2011-02-07,EX-POLITICIAN,LABOR
"AMANDA VANSTONE",2011-02-07,EX-POLITICIAN,LIBERAL
"DAVID WILLIAMSON",2011-02-07,PLAYWRIGHT,
"CATHERINE DEVENY",2011-02-07,JOURNALIST,
"GERARD HENDERSON",2011-02-07,JOURNALIST,
"JOHN PILGER",2011-02-14,JOURNALIST,
"LYDIA KHALIL",2011-02-14,ACADEMIC,
"GREG SHERIDAN",2011-02-14,JOURNALIST,
"CRAIG EMERSON",2011-02-14,POLITICIAN,LABOR
"HELEN COONAN",2011-02-14,POLITICIAN,LIBERAL
"ANNA BLIGH",2011-02-21,POLITICIAN,LABOR
"TIM FLANNERY",2011-02-21,SCIENTIST,
"BARNABY JOYCE",2011-02-21,POLITICIAN,NATIONAL
"GINA CASTELAIN",2011-02-21,OTHER,
"IAN NELSON",2011-02-21,OTHER,"ONE NATION"
"BILL SHORTEN",2011-02-28,POLITICIAN,LABOR
"MALCOLM TURNBULL",2011-02-28,POLITICIAN,LIBERAL
"SAMAH HADID",2011-02-28,OTHER,
"PIERS AKERMAN",2011-02-28,JOURNALIST,
"GRETEL KILLEEN",2011-02-28,OTHER,
"GAIL KELLY",2011-03-07,BUSINESSPERSON,
"KATE ELLIS",2011-03-07,POLITICIAN,LABOR
"JOE HOCKEY",2011-03-07,POLITICIAN,LIBERAL
"JANET ALBRECHTSEN",2011-03-07,JOURNALIST,
"MIKE CARLTON",2011-03-07,JOURNALIST,
"JULIA GILLARD",2011-03-14,POLITICIAN,LABOR
"CHRISTOPHER PYNE",2011-03-21,POLITICIAN,LIBERAL
"JASON CLARE",2011-03-21,POLITICIAN,LABOR
"LACHLAN HARRIS",2011-03-21,OTHER,LABOR
"CHRISTINE MILNE",2011-03-21,POLITICIAN,GREENS
"MIRANDA DEVINE",2011-03-21,JOURNALIST,
"TANYA PLIBERSEK",2011-03-28,POLITICIAN,LABOR
"CONCETTA FIERRAVANTI-WELLS",2011-03-28,POLITICIAN,LIBERAL
"GRAHAME MORRIS",2011-03-28,OTHER,LIBERAL
"JULIAN MORROW",2011-03-28,COMIC,
"JOHN DELLA BOSCA",2011-03-28,EX-POLITICIAN,LABOR
"KEVIN RUDD",2011-04-04,POLITICIAN,LABOR
"JULIE BISHOP",2011-04-04,POLITICIAN,LIBERAL
"JEFF BLEICH",2011-04-04,OTHER,
"LOUISE ADLER",2011-04-04,BUSINESSPERSON,
"ROBERT MANNE",2011-04-04,ACADEMIC,
"PENNY WONG",2011-04-11,POLITICIAN,LABOR
"GREG HUNT",2011-04-11,POLITICIAN,LIBERAL
"BESS PRICE",2011-04-11,OTHER,
"GRAEME INNES",2011-04-11,OTHER,
"CHRIS KENNY",2011-04-11,JOURNALIST,
"JIM MOLAN",2011-04-25,MILITARY,
"MATINA JEWELL",2011-04-25,MILITARY,
"EVA COX",2011-04-25,OTHER,
"NEIL JAMES",2011-04-25,MILITARY,
"NAJEEBA WAZEFADOST",2011-04-25,OTHER,
"NICK MINCHIN",2011-04-28,POLITICIAN,LIBERAL
"AMANDA VANSTONE",2011-04-28,EX-POLITICIAN,LIBERAL
"MARCIA LANGTON",2011-04-28,ACADEMIC,
"BOB CARR",2011-04-28,EX-POLITICIAN,LABOR
"ANGELA BISHOP",2011-04-28,JOURNALIST,
"CRAIG REUCASSEL",2011-04-28,COMIC,
"SIMON CREAN",2011-05-02,POLITICIAN,LABOR
"SOPHIE MIRABELLA",2011-05-02,POLITICIAN,LIBERAL
"TONY WINDSOR",2011-05-02,POLITICIAN,INDEPENDENT
"ELIZA BROWN",2011-05-02,BUSINESSPERSON,
"NICK KLOMP",2011-05-02,SCIENTIST,
"ALANA JOHNSON",2011-05-02,OTHER,
"LINDSAY TANNER",2011-05-09,POLITICIAN,LABOR
"MALCOLM TURNBULL",2011-05-09,POLITICIAN,LIBERAL
"LYDIA KHALIL",2011-05-09,ACADEMIC,
"CHRISTINE WALLACE",2011-05-09,AUTHOR,
"NAZEEM HUSSAIN",2011-05-09,COMIC,
"BILL SHORTEN",2011-05-16,POLITICIAN,LABOR
"ERIC ABETZ",2011-05-16,POLITICIAN,LIBERAL
"JUDGE FELICITY HAMPEL",2011-05-16,OTHER,
"JOHN ROSKAM",2011-05-16,OTHER,
"ANNA ROSE",2011-05-16,OTHER,
"HOWARD JACOBSON",2011-05-23,AUTHOR,
"BRENDAN COWELL",2011-05-23,ACTOR,
"MICHAEL CUNNINGHAM",2011-05-23,AUTHOR,
"GAIL DINES",2011-05-23,ACADEMIC,
"LESLIE CANNOLD",2011-05-23,AUTHOR,
"GEORGE BRANDIS",2011-05-30,POLITICIAN,LIBERAL
"KATE LUNDY",2011-05-30,POLITICIAN,LABOR
"GUY RUNDLE",2011-05-30,JOURNALIST,
"JACKIE KELLY",2011-05-30,EX-POLITICIAN,LIBERAL
"JOE HILDEBRAND",2011-05-30,JOURNALIST,
"NICOLA ROXON",2011-06-06,POLITICIAN,LABOR
"CHRISTOPHER PYNE",2011-06-06,POLITICIAN,LIBERAL
"SANDY GUTMAN AKA AUSTEN TAYSHUS",2011-06-06,COMIC,
"LEE RHIANNON",2011-06-06,POLITICIAN,GREENS
"PAUL MCGEOUGH",2011-06-06,JOURNALIST,
"PETER GARRETT",2011-06-13,POLITICIAN,LABOR
"CONCETTA FIERRAVANTI-WELLS",2011-06-13,POLITICIAN,LIBERAL
"BOB KATTER",2011-06-13,POLITICIAN,INDEPENDENT
"MIKE CARLTON",2011-06-13,JOURNALIST,
"NATALIE PAAPAA",2011-06-13,MUSICIAN,
"FAUSTINA 'FUZZY' AGOLLEY",2011-06-20,JOURNALIST,
"JOSH THOMAS",2011-06-20,COMIC,
"RUSLAN KOGAN",2011-06-20,BUSINESSPERSON,
"SAMAH HADID",2011-06-20,OTHER,
"JAMES PATERSON",2011-06-20,OTHER,
"ANTHONY ALBANESE",2011-06-27,POLITICIAN,LABOR
"JOE HOCKEY",2011-06-27,POLITICIAN,LIBERAL
"ADAM BANDT",2011-06-27,POLITICIAN,GREENS
"JUDITH SLOAN",2011-06-27,ACADEMIC,
"FIONA KATAUSKAS",2011-06-27,ARTIST,
"PENNY WONG",2011-07-04,POLITICIAN,LABOR
"MATHIAS CORMANN",2011-07-04,POLITICIAN,LIBERAL
"CHARLES WATERSTREET",2011-07-04,OTHER,
"ELIZABETH ANN MACGREGOR",2011-07-04,ARTIST,
"STEPHEN ODOHERTY",2011-07-04,JOURNALIST,
"CHRIS BOWEN",2011-07-07,POLITICIAN,LABOR
"SCOTT MORRISON",2011-07-07,POLITICIAN,LIBERAL
"SARAH HANSON-YOUNG",2011-07-07,POLITICIAN,GREENS
"DAVID MARR",2011-07-07,JOURNALIST,
"NAJEEBA WAZEFADOST",2011-07-07,OTHER,
"PIERS AKERMAN",2011-07-07,JOURNALIST,
"JULIA GILLARD",2011-07-11,POLITICIAN,LABOR
"JOHN LENNOX",2011-07-18,SCIENTIST,
"JOHN SAFRAN",2011-07-18,"TV PERSONALITY",
"EVA COX",2011-07-18,OTHER,
"JACQUELINE GREY",2011-07-18,ACADEMIC,
"SUSAN CARLAND",2011-07-18,COMIC,
"LARA GIDDINGS",2011-07-25,POLITICIAN,LABOR
"ERIC ABETZ",2011-07-25,POLITICIAN,LIBERAL
"CHRISTINE MILNE",2011-07-25,POLITICIAN,GREENS
"PETER CUNDALL",2011-07-25,OTHER,
"GARRY BAILEY",2011-07-25,JOURNALIST,
"MELANIE KERRISON",2011-07-25,BUSINESSPERSON,
"TANYA PLIBERSEK",2011-08-01,POLITICIAN,LABOR
"PETER DUTTON",2011-08-01,POLITICIAN,LIBERAL
"CHRISTINE NIXON",2011-08-01,OTHER,
"HEATHER RIDOUT",2011-08-01,BUSINESSPERSON,
"BRENDAN O'NEILL",2011-08-01,JOURNALIST,
"STEPHEN MAYNE",2011-08-01,JOURNALIST,
"NONI HAZLEHURST",2011-08-08,ACTOR,
"GRAHAM RICHARDSON",2011-08-08,EX-POLITICIAN,LABOR
"MARK DREYFUS",2011-08-08,POLITICIAN,LABOR
"KELLY O'DWYER",2011-08-08,POLITICIAN,LIBERAL
"TOM SWITZER",2011-08-08,JOURNALIST,LIBERAL
"TONY BURKE",2011-08-15,POLITICIAN,LABOR
"MALCOLM TURNBULL",2011-08-15,POLITICIAN,LIBERAL
"DEBORAH CHEETHAM",2011-08-15,MUSICIAN,
"STELLA YOUNG",2011-08-15,COMIC,
"LACHLAN HARRIS",2011-08-15,OTHER,LABOR
"JACKIE KELLY",2011-08-15,EX-POLITICIAN,LIBERAL
"NICK MINCHIN",2011-08-22,POLITICIAN,LIBERAL
"HANIFA DEEN",2011-08-22,AUTHOR,
"DANIEL PIPES",2011-08-22,AUTHOR,
"DOUG CAMERON",2011-08-22,POLITICIAN,LABOR
"SUELETTE DREYFUS",2011-08-22,JOURNALIST,
"DON WATSON",2011-08-29,AUTHOR,
"KATE GRENVILLE",2011-08-29,AUTHOR,
"ANNA FUNDER",2011-08-29,AUTHOR,
"MALALAI JOYA",2011-08-29,OTHER,
"OMAR MUSA",2011-08-29,MUSICIAN,
"GREG COMBET",2011-09-05,POLITICIAN,LABOR
"SOPHIE MIRABELLA",2011-09-05,POLITICIAN,LIBERAL
"CLIVE PALMER",2011-09-05,BUSINESSPERSON,
"PAUL HOWES",2011-09-05,"UNION LEADER",
"JESSICA IRVINE",2011-09-05,JOURNALIST,
"GERMAINE GREER",2011-09-12,OTHER,
"BARNABY JOYCE",2011-09-12,POLITICIAN,NATIONAL
"PAUL BARRY",2011-09-12,BUSINESSPERSON,
"MELINDA TANKARD REIST",2011-09-12,AUTHOR,
"JOE HILDEBRAND",2011-09-12,JOURNALIST,
"KRISTINA KENEALLY",2011-09-19,POLITICIAN,LABOR
"RAIMOND GAITA",2011-09-19,ACADEMIC,
"CRISTINA RAD",2011-09-19,OTHER,
"JIM WALLACE",2011-09-19,OTHER,
"GERARD HENDERSON",2011-09-19,JOURNALIST,
"WILLIAM MCINNES",2011-09-26,ACTOR,
"ROB OAKESHOTT",2011-09-26,POLITICIAN,INDEPENDENT
"JANET ALBRECHTSEN",2011-09-26,JOURNALIST,
"MARK BUTLER",2011-09-26,POLITICIAN,LABOR
"HELEN COONAN",2011-09-26,EX-POLITICIAN,LIBERAL
"SLAVOJ ZIZEK",2011-10-03,ACADEMIC,
"KATE ADIE",2011-10-03,JOURNALIST,
"JON RONSON",2011-10-03,AUTHOR,
"MONA ELTAHAWY",2011-10-03,JOURNALIST,
"GREG SHERIDAN",2011-10-03,JOURNALIST,
"BILL SHORTEN",2011-10-10,POLITICIAN,LABOR
"JULIE BISHOP",2011-10-10,POLITICIAN,LIBERAL
"RICHARD FLANAGAN",2011-10-10,AUTHOR,
"RON MERKEL QC",2011-10-10,OTHER,
"CAROLINE OVERINGTON",2011-10-10,JOURNALIST,
"PAUL HENDERSON",2011-10-17,POLITICIAN,LABOR
"DAVID TOLLNER",2011-10-17,POLITICIAN,CLP
"ROSALIE KUNOTH-MONKS",2011-10-17,OTHER,
"FIONA O'LOUGHLIN",2011-10-17,COMIC,
"STUART BLANCH",2011-10-17,SCIENTIST,
"LUKE BOWEN",2011-10-17,BUSINESSPERSON,
"JOHN WATERS",2011-10-24,ARTIST,
"TANYA PLIBERSEK",2011-10-24,POLITICIAN,LABOR
"CHRISTOPHER PYNE",2011-10-24,POLITICIAN,LIBERAL
"KATE MILLER-HEIDKE",2011-10-24,MUSICIAN,
"GRAHAM RICHARDSON",2011-10-24,EX-POLITICIAN,LABOR
"JUDITH SLOAN",2011-10-24,ACADEMIC,
"ALLAN ASHER",2011-10-31,OTHER,
"RICHARD GILL",2011-10-31,MUSICIAN,
"ANNE SUMMERS",2011-10-31,AUTHOR,
"ANNE SUMMERS",2011-10-31,AUTHOR,
"TANVEER AHMED",2011-10-31,OTHER,
"REBECCA WEISSER",2011-10-31,JOURNALIST,
"MALCOLM TURNBULL",2011-11-07,POLITICIAN,LIBERAL
"JESSICA RUDD",2011-11-07,AUTHOR,
"RAY MARTIN",2011-11-07,JOURNALIST,
"KATE ELLIS",2011-11-07,POLITICIAN,LABOR
"PETER REITH",2011-11-07,EX-POLITICIAN,LIBERAL
"PENNY WONG",2012-02-06,POLITICIAN,LABOR
"JOE HOCKEY",2012-02-06,POLITICIAN,LIBERAL
"JUDITH SLOAN",2012-02-06,ACADEMIC,
"MIRIAM LYONS",2012-02-06,OTHER,
"JOE HILDEBRAND",2012-02-06,JOURNALIST,
"JENNY MCALLISTER",2012-02-13,OTHER,LABOR
"HELEN KROGER",2012-02-13,POLITICIAN,LIBERAL
"MIKEY ROBINS",2012-02-13,COMIC,
"ROBERT MANNE",2012-02-13,ACADEMIC,
"TIM WILSON",2012-02-13,OTHER,
"BILL SHORTEN",2012-02-20,POLITICIAN,LABOR
"JULIE BISHOP",2012-02-20,POLITICIAN,LIBERAL
"DANIEL HANNAN",2012-02-20,OTHER,
"EVA COX",2012-02-20,OTHER,
"ANNABEL CRABB",2012-02-20,JOURNALIST,
"CHRIS EVANS",2012-02-27,POLITICIAN,LABOR
"BARNABY JOYCE",2012-02-27,POLITICIAN,NATIONAL
"PETER BEATTIE",2012-02-27,EX-POLITICIAN,LABOR
"CHRISTINE MILNE",2012-02-27,POLITICIAN,GREENS
"JANET ALBRECHTSEN",2012-02-27,JOURNALIST,
"LACHLAN HARRIS",2012-02-27,OTHER,LABOR
"PAUL GRABOWSKY",2012-03-05,MUSICIAN,
"AMANDA VANSTONE",2012-03-05,EX-POLITICIAN,LIBERAL
"NATASHA STOTT DESPOJA",2012-03-05,EX-POLITICIAN,DEMOCRAT
"MARK STEYN",2012-03-05,AUTHOR,
"JIANYING ZHA",2012-03-05,AUTHOR,
"MICHAEL O'BRIEN",2012-03-12,BUSINESSPERSON,
"TANYA PLIBERSEK",2012-03-12,POLITICIAN,LABOR
"MALCOLM TURNBULL",2012-03-12,POLITICIAN,LIBERAL
"CLEMENTINE FORD",2012-03-12,AUTHOR,
"MICK GOODA",2012-03-12,OTHER,
"GERMAINE GREER",2012-03-19,OTHER,
"TOBY RALPH",2012-03-19,BUSINESSPERSON,
"BENJAMIN LAW",2012-03-19,AUTHOR,
"CHRISTA HUGHES",2012-03-19,MUSICIAN,
"CRAIG GROSS",2012-03-19,AUTHOR,
"CRAIG EMERSON",2012-03-26,POLITICIAN,LABOR
"GEORGE BRANDIS",2012-03-26,POLITICIAN,LIBERAL
"LARISSA WATERS",2012-03-26,POLITICIAN,GREENS
"GRAHAME MORRIS",2012-03-26,OTHER,LIBERAL
"LIBERTY SANGER",2012-03-26,BUSINESSPERSON,
"BRIAN RITCHIE",2012-04-02,ARTIST,
"NATASHA CICA",2012-04-02,OTHER,
"JULIE COLLINS",2012-04-02,POLITICIAN,LABOR
"ERIC ABETZ",2012-04-02,POLITICIAN,LIBERAL
"TERRY EDWARDS",2012-04-02,BUSINESSPERSON,
"ANDREW WILKIE",2012-04-02,POLITICIAN,INDEPENDENT
"CARDINAL GEORGE PELL",2012-04-09,CLERIC,
"RICHARD DAWKINS",2012-04-09,SCIENTIST,
"NICOLA ROXON",2012-04-16,POLITICIAN,LABOR
"CHRISTOPHER PYNE",2012-04-16,POLITICIAN,LIBERAL
"A.C. GRAYLING",2012-04-16,ACADEMIC,
"GEOFFREY ROBERTSON",2012-04-16,OTHER,
"LYDIA KHALIL",2012-04-16,ACADEMIC,
"BOB BROWN",2012-04-23,EX-POLITICIAN,GREENS
"REBECCA HUNTLEY",2012-04-26,AUTHOR,
"NICK MINCHIN",2012-04-26,POLITICIAN,LIBERAL
"ANNA ROSE",2012-04-26,OTHER,
"CLIVE PALMER",2012-04-26,BUSINESSPERSON,
"DR MEGAN CLARK",2012-04-26,SCIENTIST,
"MARK DREYFUS",2012-04-30,POLITICIAN,LABOR
"SOPHIE MIRABELLA",2012-04-30,POLITICIAN,LIBERAL
"VICTOR VICTOR",2012-04-30,OTHER,
"GED KEARNEY",2012-04-30,"UNION LEADER",
"PETER REITH",2012-04-30,EX-POLITICIAN,LIBERAL
"DIANA NGUYEN",2012-04-30,ACTOR,
"GRAHAM RICHARDSON",2012-05-07,EX-POLITICIAN,LABOR
"MARK BUTLER",2012-05-07,POLITICIAN,LABOR
"KELLY O'DWYER",2012-05-07,POLITICIAN,LIBERAL
"MARK BOURIS",2012-05-07,BUSINESSPERSON,
"KATE MILLER-HEIDKE",2012-05-07,MUSICIAN,
"PENNY WONG",2012-05-14,POLITICIAN,LABOR
"JOE HOCKEY",2012-05-14,POLITICIAN,LIBERAL
"TIM COSTELLO",2012-05-14,OTHER,
"JUDITH SLOAN",2012-05-14,ACADEMIC,
"STEPHEN MAYNE",2012-05-14,JOURNALIST,
"JEFFREY EUGENIDES",2012-05-21,AUTHOR,
"KATHY LETTE",2012-05-21,AUTHOR,
"GLENN CARLE",2012-05-21,AUTHOR,
"MASHA GESSEN",2012-05-21,JOURNALIST,
"GREG SHERIDAN",2012-05-21,JOURNALIST,
"BARRY HUMPHRIES",2012-05-28,COMIC,
"MIRIAM MARGOLYES",2012-05-28,ACTOR,
"JACKI WEAVER",2012-05-28,ACTOR,
"DAVID MARR",2012-05-28,JOURNALIST,
"JOHN HEWSON",2012-05-28,EX-POLITICIAN,LIBERAL
"SIMON CREAN",2012-06-04,POLITICIAN,LABOR
"BARNABY JOYCE",2012-06-04,POLITICIAN,NATIONAL
"CHRISTINE MILNE",2012-06-04,POLITICIAN,GREENS
"GEORGIE SOMERSET",2012-06-04,BUSINESSPERSON,
"JEREMY MAROU",2012-06-04,MUSICIAN,
"JULIA GILLARD",2012-06-11,POLITICIAN,LABOR
"LENNY HENRY",2012-06-18,COMIC,
"PRU GOWARD",2012-06-18,POLITICIAN,LIBERAL
"BRIAN SCHMIDT",2012-06-18,SCIENTIST,
"SUSAN RYAN",2012-06-18,EX-POLITICIAN,LABOR
"JOE HILDEBRAND",2012-06-18,JOURNALIST,
"TIM FREEDMAN",2012-06-25,MUSICIAN,
"KATE LUNDY",2012-06-25,POLITICIAN,LABOR
"GEORGE BRANDIS",2012-06-25,POLITICIAN,LIBERAL
"DR JOHN LEE",2012-06-25,ACADEMIC,
"LOUISE ADLER",2012-06-25,BUSINESSPERSON,
"GREG COMBET",2012-07-02,POLITICIAN,LABOR
"SOPHIE MIRABELLA",2012-07-02,POLITICIAN,LIBERAL
"SIMON SHEIKH",2012-07-02,OTHER,
"LENORE TAYLOR",2012-07-02,JOURNALIST,
"GRAHAME MORRIS",2012-07-02,OTHER,LIBERAL
"CHRIS BOWEN",2012-07-09,POLITICIAN,LABOR
"MALCOLM TURNBULL",2012-07-09,POLITICIAN,LIBERAL
"NAHJI CHU",2012-07-09,BUSINESSPERSON,
"THIERRY DE DUVE",2012-07-09,ACADEMIC,
"LIZ ANN MACGREGOR",2012-07-09,ARTIST,
"RICHARD FORD",2012-07-16,AUTHOR,
"JOEL FITZGIBBON",2012-07-16,POLITICIAN,LABOR
"GREG HUNT",2012-07-16,POLITICIAN,LIBERAL
"SARAH HANSON-YOUNG",2012-07-16,POLITICIAN,GREENS
"JENNIFER HEWETT",2012-07-16,JOURNALIST,
"PETER CRAVEN",2012-07-16,JOURNALIST,
"SIMON SHEIKH",2012-07-23,OTHER,
"NICOLA ROXON",2012-07-23,POLITICIAN,LABOR
"CHRISTOPHER PYNE",2012-07-23,POLITICIAN,LIBERAL
"MICHAEL SPENCE",2012-07-23,ACADEMIC,
"JANE CARO",2012-07-23,OTHER,
"SHANE GOULD",2012-07-30,SPORTSPERSON,
"LOUISE SAUVAGE",2012-07-30,SPORTSPERSON,
"DAVID POCOCK",2012-07-30,SPORTSPERSON,
"JOHN ALEXANDER",2012-07-30,POLITICIAN,LIBERAL
"MICHAEL O'LOUGHLIN",2012-07-30,SPORTSPERSON,
"KATIE NOONAN",2012-08-06,MUSICIAN,
"CRAIG EMERSON",2012-08-06,POLITICIAN,LABOR
"GEORGE BRANDIS",2012-08-06,POLITICIAN,LIBERAL
"BOB KATTER",2012-08-06,POLITICIAN,INDEPENDENT
"DEBBIE KILROY",2012-08-06,OTHER,
"PETER SINGER",2012-08-13,ACADEMIC,
"PHILLIP BLOND",2012-08-13,OTHER,
"DR CASSANDRA GOLDIE",2012-08-13,OTHER,
"MARK BUTLER",2012-08-13,POLITICIAN,LABOR
"PRU GOWARD",2012-08-13,POLITICIAN,LIBERAL
"GRAHAM RICHARDSON",2012-08-20,EX-POLITICIAN,LABOR
"DOUG CAMERON",2012-08-20,POLITICIAN,LABOR
"JANET ALBRECHTSEN",2012-08-20,JOURNALIST,
"SIMON BIRMINGHAM",2012-08-20,POLITICIAN,LIBERAL
"MANDY NOLAN",2012-08-20,COMIC,
"SIMON CALLOW",2012-08-27,ACTOR,
"GERMAINE GREER",2012-08-27,OTHER,
"ANTHONY APPIAH",2012-08-27,AUTHOR,
"SEFI ATTA",2012-08-27,AUTHOR,
"TONY BURKE",2012-09-03,POLITICIAN,LABOR
"TARA MOSS",2012-09-03,AUTHOR,
"ANGRY ANDERSON",2012-09-03,OTHER,
"FIONA NASH",2012-09-03,POLITICIAN,NATIONAL
"NITIN SAWHNEY",2012-09-03,MUSICIAN,
"PETER JENSEN",2012-09-10,CLERIC,
"CHRIS EVANS",2012-09-10,POLITICIAN,LABOR
"CONCETTA FIERRAVANTI-WELLS",2012-09-10,POLITICIAN,LIBERAL
"ANNA KRIEN",2012-09-10,AUTHOR,
"CATHERINE DEVENY",2012-09-10,JOURNALIST,
"CLOVER MOORE",2012-09-17,POLITICIAN,INDEPENDENT
"ROBYN DAVIDSON",2012-09-17,AUTHOR,
"ILAN PAPPE",2012-09-17,ACADEMIC,
"IRVING WALLACH",2012-09-17,OTHER,
"GREG SHERIDAN",2012-09-17,JOURNALIST,
"TANYA PLIBERSEK",2012-09-24,POLITICIAN,LABOR
"KELLY O'DWYER",2012-09-24,POLITICIAN,LIBERAL
"MARK CARNEGIE",2012-09-24,BUSINESSPERSON,
"ELLIOT PERLMAN",2012-09-24,AUTHOR,
"JASON SILVA",2012-09-24,OTHER,
"JANE BUSSMANN",2012-10-01,COMIC,
"SHIV MALIK",2012-10-01,JOURNALIST,
"JIANYING ZHA",2012-10-01,AUTHOR,
"JESSE BERING",2012-10-01,SCIENTIST,
"SIMON LAHAM",2012-10-01,SCIENTIST,
"KATE ELLIS",2012-10-08,POLITICIAN,LABOR
"CHRISTOPHER PYNE",2012-10-08,POLITICIAN,LIBERAL
"LINDSAY TANNER",2012-10-08,POLITICIAN,LABOR
"NILAJA SUN",2012-10-08,ARTIST,
"PIERS AKERMAN",2012-10-08,JOURNALIST,
"PAMELA STEPHENSON",2012-10-15,OTHER,
"BILL SHORTEN",2012-10-15,POLITICIAN,LABOR
"CHARLIE PICKERING",2012-10-15,COMIC,
"SOPHIE MIRABELLA",2012-10-15,POLITICIAN,LIBERAL
"CATHERINE FOX",2012-10-15,JOURNALIST,
"BILLY BRAGG",2012-10-22,MUSICIAN,
"PETER GARRETT",2012-10-22,POLITICIAN,LABOR
"AMANDA VANSTONE",2012-10-22,EX-POLITICIAN,LIBERAL
"SCOTT MORRISON",2012-10-22,POLITICIAN,LIBERAL
"JULIA BAIRD",2012-10-22,JOURNALIST,
"KATE LUNDY",2012-10-29,POLITICIAN,LABOR
"ERIC ABETZ",2012-10-29,POLITICIAN,LIBERAL
"ARCHIE ROACH",2012-10-29,MUSICIAN,
"SEKAI HOLLAND",2012-10-29,OTHER,
"GRAHAME MORRIS",2012-10-29,OTHER,LIBERAL
"COLIN BARNETT",2012-11-05,POLITICIAN,LIBERAL
"BOB BROWN",2012-11-05,EX-POLITICIAN,GREENS
"ALANNAH MACTIERNAN",2012-11-05,POLITICIAN,LABOR
"HANNAH MCGLADE",2012-11-05,OTHER,
"BOB CRONIN",2012-11-05,JOURNALIST,
"JUDITH SLOAN",2012-11-19,ACADEMIC,
"KEVIN RUDD",2012-11-19,POLITICIAN,LABOR
"MALCOLM TURNBULL",2012-11-19,POLITICIAN,LIBERAL
"HEATHER RIDOUT",2012-11-19,BUSINESSPERSON,
"PENNY WONG",2012-11-26,POLITICIAN,LABOR
"BARNABY JOYCE",2012-11-26,POLITICIAN,NATIONAL
"JONATHAN BIGGINS",2012-11-26,ACTOR,
"STELLA YOUNG",2012-11-26,COMIC,
"JANET ALBRECHTSEN",2012-11-26,JOURNALIST,
"CHRISTOPHER PYNE",2013-02-04,POLITICIAN,LIBERAL
"DAVID BRADBURY",2013-02-04,POLITICIAN,LIBERAL
"AMANDA VANSTONE",2013-02-04,EX-POLITICIAN,LIBERAL
"ANNE SUMMERS",2013-02-04,AUTHOR,
"TIM LEVINSON",2013-02-04,MUSICIAN,
"CHRIS EVANS",2013-02-11,POLITICIAN,LABOR
"GEORGE BRANDIS",2013-02-11,POLITICIAN,LIBERAL
"CORINNE GRANT",2013-02-11,"TV PERSONALITY",
"RACHEL BOTSMAN",2013-02-11,OTHER,
"JAMES PATERSON",2013-02-11,OTHER,
"TANYA PLIBERSEK",2013-02-18,POLITICIAN,LABOR
"GREG HUNT",2013-02-18,POLITICIAN,LIBERAL
"LAWRENCE KRAUSS",2013-02-18,SCIENTIST,
"DR JOHN DICKSON",2013-02-18,OTHER,
"DR CINDY PAN",2013-02-18,OTHER,
"JEFF BLEICH",2013-02-25,OTHER,
"BOB CARR",2013-02-25,POLITICIAN,LABOR
"MALCOLM TURNBULL",2013-02-25,POLITICIAN,LIBERAL
"AHDAF SOUEIF",2013-02-25,AUTHOR,
"EVA COX",2013-02-25,OTHER,
"BILL SHORTEN",2013-03-04,POLITICIAN,LABOR
"JULIE BISHOP",2013-03-04,POLITICIAN,LIBERAL
"CHRISTINE MILNE",2013-03-04,POLITICIAN,GREENS
"TIM FERGUSON",2013-03-04,COMIC,
"RUSLAN KOGAN",2013-03-04,BUSINESSPERSON,
"PETER GARRETT",2013-03-11,POLITICIAN,LABOR
"CHRISTOPHER PYNE",2013-03-11,POLITICIAN,LIBERAL
"DAVID FEENEY",2013-03-18,POLITICIAN,LABOR
"BARNABY JOYCE",2013-03-18,POLITICIAN,NATIONAL
"VIV BENJAMIN",2013-03-18,OTHER,
"ALANNAH MACTIERNAN",2013-03-18,POLITICIAN,LABOR
"JEREMY CORDEAUX",2013-03-18,BUSINESSPERSON,
"A.C. GRAYLING",2013-03-25,ACADEMIC,
"BRENDAN OCONNOR",2013-03-25,POLITICIAN,LABOR
"KELLY O'DWYER",2013-03-25,POLITICIAN,LIBERAL
"CHRISTINE NIXON",2013-03-25,OTHER,
"BRENDON GALE",2013-03-25,SPORTSPERSON,
"GEORGE MEGALOGENIS",2013-03-25,JOURNALIST,
"ARCHBISHOP MARK COLERIDGE",2013-04-01,CLERIC,
"DR MOHAMAD ABDALLA",2013-04-01,OTHER,
"ROBINA COURTIN",2013-04-01,CLERIC,
"JOSH THOMAS",2013-04-01,COMIC,
"DEBORAH CONWAY",2013-04-01,MUSICIAN,
"BROOKE MAGNANTI",2013-04-08,OTHER,
"GERMAINE GREER",2013-04-08,OTHER,
"MIA FREEDMAN",2013-04-08,JOURNALIST,
"DEBORAH CHEETHAM",2013-04-08,MUSICIAN,
"JANET ALBRECHTSEN",2013-04-08,JOURNALIST,
"DICK ADAMS",2013-04-15,POLITICIAN,LABOR
"SOPHIE MIRABELLA",2013-04-15,POLITICIAN,LIBERAL
"DAVID MARR",2013-04-15,JOURNALIST,
"JAN DAVIS",2013-04-15,BUSINESSPERSON,
"PETER WHISH-WILSON",2013-04-15,POLITICIAN,GREENS
"TANYA PLIBERSEK",2013-04-22,POLITICIAN,LABOR
"PETER DUTTON",2013-04-22,POLITICIAN,LIBERAL
"MARK BUTLER",2013-04-29,POLITICIAN,LABOR
"JAMIE BRIGGS",2013-04-29,POLITICIAN,LIBERAL
"SARAH HANSON-YOUNG",2013-04-29,POLITICIAN,GREENS
"ANDREA MASON",2013-04-29,OTHER,
"NICK CATER",2013-04-29,JOURNALIST,
"JULIA GILLARD",2013-05-06,POLITICIAN,LABOR
"CLIVE PALMER",2013-05-13,BUSINESSPERSON,
"GED KEARNEY",2013-05-13,"UNION LEADER",
"TIM NICHOLLS",2013-05-13,POLITICIAN,LNP
"LARISSA WATERS",2013-05-13,POLITICIAN,GREENS
"BOB KATTER",2013-05-13,POLITICIAN,INDEPENDENT
"RUBY WAX",2013-05-20,COMIC,
"FARAMERZ DABHOIWALA",2013-05-20,ACADEMIC,
"SYLVIA NASAR",2013-05-20,AUTHOR,
"WILLIAM DALRYMPLE",2013-05-20,AUTHOR,
"MIKE CARLTON",2013-05-20,JOURNALIST,
"LAWRENCE KRAUSS",2013-05-27,SCIENTIST,
"GENE ROBINSON",2013-05-27,CLERIC,
"FRED NILE",2013-05-27,CLERIC,
"AMANDA VANSTONE",2013-05-27,EX-POLITICIAN,LIBERAL
"SUSAN RYAN",2013-05-27,EX-POLITICIAN,LABOR
"MARTHA WAINWRIGHT",2013-06-03,MUSICIAN,
"BILL MCKIBBEN",2013-06-03,AUTHOR,
"MICHAEL STUTCHBURY",2013-06-03,JOURNALIST,
"LINDA BURNEY",2013-06-03,POLITICIAN,LABOR
"CORY BERNARDI",2013-06-03,POLITICIAN,LIBERAL
"BILL GATES",2013-05-28,OTHER,
"MARK LATHAM",2013-06-10,EX-POLITICIAN,LABOR
"MALCOLM TURNBULL",2013-06-10,POLITICIAN,LIBERAL
"CRAIG EMERSON",2013-06-10,POLITICIAN,LABOR
"JENNIFER HEWETT",2013-06-10,JOURNALIST,
"HAIFAA AL-MANSOUR",2013-06-10,ARTIST,
"KATE LUNDY",2013-06-17,POLITICIAN,LABOR
"BARNABY JOYCE",2013-06-17,POLITICIAN,NATIONAL
"PAUL KELLY",2013-06-17,JOURNALIST,
"ROBERT MANNE",2013-06-17,ACADEMIC,
"DR FIONA STANLEY",2013-06-17,SCIENTIST,
"ANNE SUMMERS",2013-06-24,AUTHOR,
"GEORGE BRANDIS",2013-06-24,POLITICIAN,LIBERAL
"GRAHAM RICHARDSON",2013-06-24,EX-POLITICIAN,LABOR
"MATT THISTLETHWAITE",2013-06-24,POLITICIAN,LABOR
"JUDITH SLOAN",2013-06-24,ACADEMIC,
